{"Puerto Rico": 39.89, "Virgin Islands": 27.26428571428571, "Guam": 26.757142857142856, "New Mexico": 24.53571428571428, "Louisiana": 24.506249999999998}