{"Puerto Rico": 36.98636363636363, "Nevada": 36.358333333333334, "Montana": 36.17826086956522, "New Jersey": 36.08059701492537, "Alaska": 35.902777777777786}