{"West Virginia": 36.80000000000001, "Mississippi": 36.50694444444445, "Louisiana": 36.26619718309859, "Arkansas": 35.42567567567568, "Alabama": 35.122666666666674}