{"Puerto Rico": 17.875, "Mississippi": 23.83225806451613, "Texas": 25.108695652173914, "Oklahoma": 25.17142857142857, "Alabama": 26.41363636363636}