{"Puerto Rico": 9.90909090909091, "Mississippi": 15.505714285714287, "West Virginia": 15.733333333333333, "Tennessee": 15.735483870967744, "Kentucky": 15.831578947368419}