{"Puerto Rico": 40.62749999999999, "Kentucky": 31.028169014084494, "Arkansas": 30.601694915254228, "Mississippi": 30.129577464788724, "Alabama": 29.892500000000013}